Student_ID,Branch,Python_Score,SQL_Score,Aptitude_Score,Communication_Score,Projects_Completed,Mock_Interviews_Attended
S0001,MECH,81,100,74,80,3,6
S0002,CSE,77,79,66,45,2,2
S0003,CSE,65,69,59,77,2,2
S0004,IT,71,70,56,41,4,4
S0005,ECE,27,39,29,24,1,2
S0006,CSE,84,89,90,63,0,4
S0007,MECH,100,100,100,100,8,4
S0008,CSE,89,81,100,97,6,3
S0009,CSE,78,79,82,70,4,7
S0010,MECH,72,71,77,67,2,4
S0011,CSE,83,83,83,57,3,5
S0012,CSE,68,97,85,61,3,3
S0013,ECE,48,46,69,22,2,6
S0014,IT,48,66,54,59,2,6
S0015,ECE,69,58,67,47,5,2
S0016,ECE,62,70,50,43,4,4
S0017,ECE,46,39,47,54,5,2
S0018,MECH,85,72,63,36,4,6
S0019,IT,46,51,39,0,0,1
S0020,ECE,63,94,67,81,2,5
S0021,CSE,67,49,63,60,4,5
S0022,CSE,76,29,32,67,2,2
S0023,CSE,48,46,53,38,3,3
S0024,CSE,67,91,66,31,5,5
S0025,CSE,59,66,57,26,1,5
S0026,ECE,57,77,50,68,5,6
S0027,ECE,72,61,70,37,3,6
S0028,MECH,77,41,61,79,3,3
S0029,CSE,70,53,43,59,2,3
S0030,CSE,27,24,45,13,3,1
S0031,ECE,70,85,60,54,2,6
S0032,IT,56,45,51,32,1,3
S0033,CSE,72,80,65,66,4,3
S0034,ECE,77,85,53,70,1,2
S0035,MECH,49,44,50,42,5,4
S0036,ECE,50,49,45,39,2,3
S0037,CSE,63,62,68,36,4,3
S0038,CSE,66,77,67,56,1,6
S0039,CSE,100,94,100,87,6,7
S0040,ECE,68,62,74,73,4,4
S0041,IT,58,55,52,36,4,2
S0042,CSE,53,76,82,29,2,8
S0043,CSE,45,67,51,62,4,5
S0044,IT,58,64,55,54,2,2
S0045,MECH,77,67,64,55,2,3
S0046,MECH,63,69,51,51,1,4
S0047,ECE,43,48,57,31,2,3
S0048,CSE,36,48,44,11,5,3
S0049,CSE,50,74,75,26,3,3
S0050,CSE,92,92,79,44,3,2
S0051,IT,61,71,46,44,2,3
S0052,CSE,70,74,59,48,1,2
S0053,MECH,42,42,54,59,1,2
S0054,CSE,100,100,95,100,5,6
S0055,CSE,100,81,60,37,3,6
S0056,IT,66,66,68,40,2,1
S0057,ECE,56,45,89,49,4,6
S0058,CSE,65,50,92,50,2,2
S0059,IT,65,58,54,56,1,2
S0060,ECE,46,46,39,30,4,4
S0061,CSE,52,53,39,23,3,1
S0062,IT,36,45,47,53,2,5
S0063,CSE,58,71,48,35,3,1
S0064,ECE,80,68,95,38,4,5
S0065,IT,61,56,62,49,3,3
S0066,IT,75,76,76,47,2,2
S0067,IT,69,80,75,75,1,2
S0068,IT,62,61,40,32,1,6
S0069,CSE,49,50,40,10,1,3
S0070,IT,41,45,33,27,2,3
S0071,IT,13,22,27,41,2,2
S0072,ECE,61,87,97,63,4,2
S0073,IT,90,100,80,70,0,3
S0074,MECH,34,44,25,46,3,2
S0075,IT,67,84,69,16,5,4
S0076,CSE,82,41,35,50,0,5
S0077,ECE,90,97,78,69,4,5
S0078,CSE,65,90,54,7,3,2
S0079,IT,67,62,89,61,5,1
S0080,MECH,70,78,75,63,2,6
S0081,IT,78,63,53,16,1,3
S0082,MECH,72,80,76,45,6,3
S0083,IT,44,44,62,28,3,1
S0084,ECE,54,59,63,33,2,2
S0085,ECE,67,69,67,51,5,6
S0086,CSE,74,83,78,61,2,5
S0087,CSE,91,75,74,78,2,8
S0088,CSE,64,66,62,63,3,3
S0089,CSE,58,51,19,24,0,2
S0090,CSE,45,60,49,9,2,1
S0091,CSE,59,62,49,44,4,1
S0092,IT,95,71,74,41,2,4
S0093,IT,63,73,62,32,2,3
S0094,ECE,58,57,61,57,3,1
S0095,ECE,73,57,60,65,3,7
S0096,CSE,65,67,60,58,4,3
S0097,CSE,72,53,49,36,2,4
S0098,ECE,87,58,95,78,3,5
S0099,CSE,84,90,97,89,1,7
S0100,CSE,56,72,51,62,3,3
S0101,ECE,26,53,35,56,3,3
S0102,IT,55,24,55,40,1,4
S0103,ECE,24,37,39,34,1,1
S0104,IT,65,55,59,35,4,0
S0105,MECH,59,50,46,26,2,0
S0106,ECE,42,32,52,72,1,4
S0107,MECH,99,79,70,72,4,5
S0108,IT,41,50,50,37,1,5
S0109,ECE,72,95,70,36,4,5
S0110,ECE,74,57,74,69,4,5
S0111,IT,72,75,75,58,1,2
S0112,IT,80,50,50,55,3,2
S0113,CSE,83,53,58,70,1,1
S0114,ECE,36,38,53,22,1,3
S0115,ECE,38,20,53,59,2,1
S0116,CSE,13,23,24,11,0,4
S0117,ECE,57,79,74,74,2,0
S0118,CSE,46,62,52,54,3,2
S0119,IT,33,42,57,30,2,1
S0120,IT,49,35,7,20,2,0
